sport_key,espn_team_id,team_display_name,proposed_handle,source_url,verified,confidence,proposed_hashtag
football,2000,Abilene Christian Wildcats,ACUFootball,https://www.allmysportsteamssuck.com/ncaa-division-i-football-and-basketball-twitter-hashtags-and-handles/,yes,medium,ACU
football,2001,Adams State Grizzlies,,,,,
football,2003,Adrian Bulldogs,,,,,
football,2010,Alabama A&M Bulldogs,AAMUFB,https://www.allmysportsteamssuck.com/ncaa-division-i-football-and-basketball-twitter-hashtags-and-handles/,yes,medium,AAMU
football,333,Alabama Crimson Tide,AlabamaFTBL,https://www.allmysportsteamssuck.com/ncaa-division-i-football-and-basketball-twitter-hashtags-and-handles/,yes,medium,
football,2011,Alabama State Hornets,BamaStateFB,https://www.allmysportsteamssuck.com/ncaa-division-i-football-and-basketball-twitter-hashtags-and-handles/,yes,medium,myASU
football,2013,Albany State Golden Rams,UAlbanyFootball,https://www.allmysportsteamssuck.com/ncaa-division-i-football-and-basketball-twitter-hashtags-and-handles/,yes,medium,GreatDanes
football,2015,Albright Lions,,,,,
football,2016,Alcorn State Braves,BravesSports,https://www.allmysportsteamssuck.com/ncaa-division-i-football-and-basketball-twitter-hashtags-and-handles/,yes,medium,AlcornState
football,365,Alfred Saxons,,,,,
football,2018,Allegheny Gators,,,,,
football,2019,Allen Yellow Jackets,,,,,
football,2022,American International Yellow Jackets,,,,,
football,7,Amherst Mammoths,,,,,
football,2023,Anderson (IN) Ravens,,,,,
football,2025,Angelo State Rams,,,,,
football,15,Anna Maria Amcats,,,,,
football,2026,App State Mountaineers,AppState_FB,https://www.allmysportsteamssuck.com/ncaa-division-i-football-and-basketball-twitter-hashtags-and-handles/,yes,medium,AppState
football,9,Arizona State Sun Devils,ASUFootball,https://www.allmysportsteamssuck.com/ncaa-division-i-football-and-basketball-twitter-hashtags-and-handles/,yes,medium,
football,12,Arizona Wildcats,ArizonaFBall,https://www.allmysportsteamssuck.com/ncaa-division-i-football-and-basketball-twitter-hashtags-and-handles/,yes,medium,
football,2028,Arkansas Monticello Boll Weevils,RazorbackFB,https://www.allmysportsteamssuck.com/ncaa-division-i-football-and-basketball-twitter-hashtags-and-handles/,yes,medium,
football,8,Arkansas Razorbacks,RazorbackFB,https://www.allmysportsteamssuck.com/ncaa-division-i-football-and-basketball-twitter-hashtags-and-handles/,yes,medium,
football,2032,Arkansas State Red Wolves,AStateFB,https://www.allmysportsteamssuck.com/ncaa-division-i-football-and-basketball-twitter-hashtags-and-handles/,yes,medium,RedWolves
football,2033,Arkansas Tech Wonder Boys,RazorbackFB,https://www.allmysportsteamssuck.com/ncaa-division-i-football-and-basketball-twitter-hashtags-and-handles/,yes,medium,
football,2029,Arkansas-Pine Bluff Golden Lions,UAPBLionsRoar,https://www.allmysportsteamssuck.com/ncaa-division-i-football-and-basketball-twitter-hashtags-and-handles/,yes,medium,UAPB
football,308,Ashland Eagles,,,,,
football,2038,Assumption Greyhounds,,,,,
football,2,Auburn Tigers,AuburnFootball,https://www.allmysportsteamssuck.com/ncaa-division-i-football-and-basketball-twitter-hashtags-and-handles/,yes,medium,
football,124,Augsburg Auggies,,,,,
football,2042,Augustana (IL) Vikings,,,,,
football,2043,Augustana University (SD) Vikings,,,,,
football,2044,Aurora Spartans,,,,,
football,2045,Austin 'Roos,,,,,
football,2046,Austin Peay Governors,AustinePeayFB,https://www.allmysportsteamssuck.com/ncaa-division-i-football-and-basketball-twitter-hashtags-and-handles/,yes,medium,AustinPeay
football,2047,Averett Cougars,,,,,
football,2048,Avila University Eagles,,,,,
football,495,BLUEFIELD Ramblin' Rams,,,,,
football,252,BYU Cougars,BYUFootball,https://www.allmysportsteamssuck.com/ncaa-division-i-football-and-basketball-twitter-hashtags-and-handles/,yes,medium,
football,488,Baker University Baker,,,,,
football,188,Baldwin Wallace Yellow Jackets,,,,,
football,121,Bates Bobcats,,,,,
football,239,Baylor Bears,BUFootball,https://www.allmysportsteamssuck.com/ncaa-division-i-football-and-basketball-twitter-hashtags-and-handles/,yes,medium,Baylor
football,2056,Belhaven Blazers,,,,,
football,266,Beloit Buccaneers,,,,,
football,132,Bemidji State Beavers,,,,,
football,490,Benedict Tigers,,,,,
football,2283,Benedictine (IL) Eagles,,,,,
football,2060,Bentley Falcons,,,,,
football,492,Bethany (Ks),,,,,
football,2062,Bethany (WV) Bison,,,,,
football,2064,Bethel University Tennessee Wildcats,,,,,
football,2065,Bethune-Cookman Wildcats,BCUGridiron,https://www.allmysportsteamssuck.com/ncaa-division-i-football-and-basketball-twitter-hashtags-and-handles/,yes,medium,BCU
football,2069,Black Hills State Yellow Jackets,,,,,
football,2071,Bloomsburg Huskies,,,,,
football,2074,Bluffton Beavers,,,,,
football,103,Boston College Eagles,BCFootball,https://www.allmysportsteamssuck.com/ncaa-division-i-football-and-basketball-twitter-hashtags-and-handles/,yes,medium,
football,340,Bowdoin Polar Bears,,,,,
football,2075,Bowie State Bulldogs,,,,,
football,2079,Bridgewater Eagles,,,,,
football,18,Bridgewater State Bears,,,,,
football,2080,British Columbia British Col,,,,,
football,225,Brown Bears,,,,,
football,2083,Bucknell Bison,Bucknell_FB,https://www.allmysportsteamssuck.com/ncaa-division-i-football-and-basketball-twitter-hashtags-and-handles/,yes,medium,Bucknell
football,63,Buena Vista Beavers,,,,,
football,2085,Buffalo State Bengals,UBFootball,https://www.allmysportsteamssuck.com/ncaa-division-i-football-and-basketball-twitter-hashtags-and-handles/,yes,medium,UBHornsUp
football,2086,Butler Bulldogs,ButlerUFootball,https://www.allmysportsteamssuck.com/ncaa-division-i-football-and-basketball-twitter-hashtags-and-handles/,yes,medium,Butler
football,2094,Cal Lutheran Kingsmen,,,,,
football,13,Cal Poly Mustangs,CalPolyFootball,https://www.allmysportsteamssuck.com/ncaa-division-i-football-and-basketball-twitter-hashtags-and-handles/,yes,medium,CalPoly
football,25,California Golden Bears,CalFootball,https://www.allmysportsteamssuck.com/ncaa-division-i-football-and-basketball-twitter-hashtags-and-handles/,yes,medium,
football,2097,Campbell Fighting Camels,GoCamelsFB,https://www.allmysportsteamssuck.com/ncaa-division-i-football-and-basketball-twitter-hashtags-and-handles/,yes,medium,Campbell
football,2098,Campbellsville University Tigers,GoCamelsFB,https://www.allmysportsteamssuck.com/ncaa-division-i-football-and-basketball-twitter-hashtags-and-handles/,yes,medium,Campbell
football,424,Capital Comets,,,,,
football,2101,Carleton Knights,,,,,
football,2102,Carnegie Mellon Tartans,,,,,
football,32,Carroll (WI) Pioneers,,,,,
football,2105,Carson Newman Eagles,,,,,
football,2106,Carthage Firebirds,,,,,
football,2107,Catawba Indians,,,,,
football,2108,Catholic Cardinals,,,,,
football,2110,Central Arkansas Bears,UCA_Football,https://www.allmysportsteamssuck.com/ncaa-division-i-football-and-basketball-twitter-hashtags-and-handles/,yes,medium,CentralArkansas
football,2115,Central Connecticut Blue Devils,CCSUFootball,https://www.allmysportsteamssuck.com/ncaa-division-i-football-and-basketball-twitter-hashtags-and-handles/,yes,medium,CCSU
football,2118,Central Missouri Mules,,,,,
football,2122,Central Oklahoma Bronchos,,,,,
football,2119,Central State Marauders,,,,,
football,2120,Central Washington Wildcats,,,,,
football,2121,Centre Colonels,,,,,
football,2123,Chadron State Eagles,,,,,
football,411,Chapman Panthers,,,,,
football,2128,Charleston (WV) Golden Eagles,,,,,
football,2127,Charleston Southern Buccaneers,CSUFB,https://www.allmysportsteamssuck.com/ncaa-division-i-football-and-basketball-twitter-hashtags-and-handles/,yes,medium,CSUBucs
football,236,Chattanooga Mocs,GoMocsFB,https://www.allmysportsteamssuck.com/ncaa-division-i-football-and-basketball-twitter-hashtags-and-handles/,yes,medium,GoMocs
football,80,Chicago Maroons,,,,,
football,2132,Cincinnati Bearcats,GoBearcatsFB,https://www.allmysportsteamssuck.com/ncaa-division-i-football-and-basketball-twitter-hashtags-and-handles/,yes,medium,
football,17,Claremont Mudd Scripps Stags/Athenas,,,,,
football,2134,Clarion Golden Eagles,,,,,
football,228,Clemson Tigers,ClemsonFB,https://www.allmysportsteamssuck.com/ncaa-division-i-football-and-basketball-twitter-hashtags-and-handles/,yes,medium,
football,324,Coastal Carolina Chanticleers,CoastalFootball,https://www.allmysportsteamssuck.com/ncaa-division-i-football-and-basketball-twitter-hashtags-and-handles/,yes,medium,CCU
football,2141,Coe Kohawks,,,,,
football,33,Colby White Mules,,,,,
football,2142,Colgate Raiders,ColgateFB,https://www.allmysportsteamssuck.com/ncaa-division-i-football-and-basketball-twitter-hashtags-and-handles/,yes,medium,Colgate
football,38,Colorado Buffaloes,RunRalphieRun,https://www.allmysportsteamssuck.com/ncaa-division-i-football-and-basketball-twitter-hashtags-and-handles/,yes,medium,
football,11,Colorado Mesa Mavericks,RunRalphieRun,https://www.allmysportsteamssuck.com/ncaa-division-i-football-and-basketball-twitter-hashtags-and-handles/,yes,medium,
football,2146,Colorado School of Mines Orediggers,RunRalphieRun,https://www.allmysportsteamssuck.com/ncaa-division-i-football-and-basketball-twitter-hashtags-and-handles/,yes,medium,
football,171,Columbia Lions,ColumbiaLionsFB,https://www.allmysportsteamssuck.com/ncaa-division-i-football-and-basketball-twitter-hashtags-and-handles/,yes,medium,Columbia
football,2148,Concord Mountain Lions,,,,,
football,2152,Concordia (MN) Cobbers,,,,,
football,409,Concordia (WI) Falcons,,,,,
football,2151,Concordia Chicago Cougars,,,,,
football,507,Concordia University Nebraska Clippers,,,,,
football,2155,Cornell (IA) Rams,BigRed_Football,https://www.allmysportsteamssuck.com/ncaa-division-i-football-and-basketball-twitter-hashtags-and-handles/,yes,medium,Cornell
football,172,Cornell Big Red,BigRed_Football,https://www.allmysportsteamssuck.com/ncaa-division-i-football-and-basketball-twitter-hashtags-and-handles/,yes,medium,Cornell
football,509,Crown Polars,,,,,
football,510,Culver-Stockton College Wildcats,,,,,
football,2161,Cumberland (TN) Bulldogs,,,,,
football,511,Cumberlands Indians,,,,,
football,40,Curry Colonels,,,,,
football,512,Dakota State University Trojans,,,,,
football,513,Dakota Wesleyan Tigers,,,,,
football,159,Dartmouth Big Green,DartFootball,https://www.allmysportsteamssuck.com/ncaa-division-i-football-and-basketball-twitter-hashtags-and-handles/,yes,medium,Dartmouth
football,2166,Davidson Wildcats,DavidsonFB,https://www.allmysportsteamssuck.com/ncaa-division-i-football-and-basketball-twitter-hashtags-and-handles/,yes,medium,Davidson
football,2168,Dayton Flyers,DaytonFootball,https://www.allmysportsteamssuck.com/ncaa-division-i-football-and-basketball-twitter-hashtags-and-handles/,yes,medium,GoFlyers
football,83,DePauw Tigers,,,,,
football,190,Defiance College Yellow Jackets,,,,,
football,2169,Delaware State Hornets,DelSt_Football,https://www.allmysportsteamssuck.com/ncaa-division-i-football-and-basketball-twitter-hashtags-and-handles/,yes,medium,DelState
football,2170,Delta State Statesmen,,,,,
football,2171,Denison Big Red,,,,,
football,2254,Des Moines Vikings,,,,,
football,2175,Dickinson Red Devils,,,,,
football,316,Dickinson State University Blue Hawks,,,,,
football,2181,Drake Bulldogs,DrakeBulldogsFB,https://www.allmysportsteamssuck.com/ncaa-division-i-football-and-basketball-twitter-hashtags-and-handles/,yes,medium,Drake
football,49,Dubuque Spartans,,,,,
football,150,Duke Blue Devils,DukeFootball,https://www.allmysportsteamssuck.com/ncaa-division-i-football-and-basketball-twitter-hashtags-and-handles/,yes,medium,
football,2184,Duquesne Dukes,DuqFB,https://www.allmysportsteamssuck.com/ncaa-division-i-football-and-basketball-twitter-hashtags-and-handles/,yes,medium,Duquesne
football,2191,East Central Tigers,,,,,
football,2188,East Stroudsburg Warriors,,,,,
football,2193,East Tennessee State Buccaneers,ETSUFootball,https://www.allmysportsteamssuck.com/ncaa-division-i-football-and-basketball-twitter-hashtags-and-handles/,yes,medium,ETSU
football,2194,East Texas Baptist Tigers,,,,,
football,2197,Eastern Illinois Panthers,EIUPantherFB,https://www.allmysportsteamssuck.com/ncaa-division-i-football-and-basketball-twitter-hashtags-and-handles/,yes,medium,EIU
football,2198,Eastern Kentucky Colonels,EKUFootball,https://www.allmysportsteamssuck.com/ncaa-division-i-football-and-basketball-twitter-hashtags-and-handles/,yes,medium,EKU
football,2201,Eastern New Mexico Greyhounds,,,,,
football,2202,Eastern Oregon,,,,,
football,331,Eastern Washington Eagles,EWUFootball,https://www.allmysportsteamssuck.com/ncaa-division-i-football-and-basketball-twitter-hashtags-and-handles/,yes,medium,EWU
football,2205,Edinboro Fighting Scots,,,,,
football,2206,Edward Waters Tigers,,,,,
football,2207,Elizabeth City State Vikings,,,,,
football,72,Elmhurst Bluejays,,,,,
football,2210,Elon Phoenix,ElonFootball,https://www.allmysportsteamssuck.com/ncaa-division-i-football-and-basketball-twitter-hashtags-and-handles/,yes,medium,Elon
football,2213,Emory & Henry Wasps,,,,,
football,2214,Emporia State Hornets,,,,,
football,452,Endicott Gulls,,,,,
football,101,Eureka Red Devils,,,,,
football,2221,FDU Florham Devils,,,,,
football,2219,Faulkner University Eagles,,,,,
football,2220,Fayetteville State Broncos,,,,,
football,2222,Ferris State Bulldogs,,,,,
football,366,Ferrum Panthers,,,,,
football,2224,Findlay Oilers,,,,,
football,114,Fitchburg State Falcons,,,,,
football,50,Florida A&M Rattlers,FAMUAthletics,https://www.allmysportsteamssuck.com/ncaa-division-i-football-and-basketball-twitter-hashtags-and-handles/,yes,medium,FAMU
football,57,Florida Gators,GatorsFB,https://www.allmysportsteamssuck.com/ncaa-division-i-football-and-basketball-twitter-hashtags-and-handles/,yes,medium,
football,52,Florida State Seminoles,FSUFootball,https://www.allmysportsteamssuck.com/ncaa-division-i-football-and-basketball-twitter-hashtags-and-handles/,yes,medium,
football,2230,Fordham Rams,FordhamFootball,https://www.allmysportsteamssuck.com/ncaa-division-i-football-and-basketball-twitter-hashtags-and-handles/,yes,medium,Fordham
football,2231,Fort Hays Tigers,,,,,
football,2237,Fort Lewis Skyhawks,,,,,
football,2232,Fort Valley State Wildcats,,,,,
football,2234,Franklin & Marshall Diplomats,,,,,
football,2233,Franklin Grizzlies,,,,,
football,527,Friends University Friends,,,,,
football,341,Frostburg State Bobcats,,,,,
football,231,Furman Paladins,PaladinFootball,https://www.allmysportsteamssuck.com/ncaa-division-i-football-and-basketball-twitter-hashtags-and-handles/,yes,medium,Furman
football,417,Gallaudet Bison,,,,,
football,367,Gannon Golden Knights,,,,,
football,2241,Gardner-Webb Runnin' Bulldogs,GWUFootball,https://www.allmysportsteamssuck.com/ncaa-division-i-football-and-basketball-twitter-hashtags-and-handles/,yes,medium,GardnerWebb
football,2242,Geneva Golden Tornadoes,,,,,
football,415,George Fox Bruins,,,,,
football,2244,George Mason University Patriots,,,,,
football,2245,Georgetown College Kentucky Tigers,HoyasFB,https://www.allmysportsteamssuck.com/ncaa-division-i-football-and-basketball-twitter-hashtags-and-handles/,yes,medium,Georgetown
football,46,Georgetown Hoyas,HoyasFB,https://www.allmysportsteamssuck.com/ncaa-division-i-football-and-basketball-twitter-hashtags-and-handles/,yes,medium,Georgetown
football,61,Georgia Bulldogs,FootballUGA,https://www.allmysportsteamssuck.com/ncaa-division-i-football-and-basketball-twitter-hashtags-and-handles/,yes,medium,
football,290,Georgia Southern Eagles,GSAthletics_FB,https://www.allmysportsteamssuck.com/ncaa-division-i-football-and-basketball-twitter-hashtags-and-handles/,yes,medium,GeorgiaSouthern
football,2247,Georgia State Panthers,GeorgiaStateFB,https://www.allmysportsteamssuck.com/ncaa-division-i-football-and-basketball-twitter-hashtags-and-handles/,yes,medium,GeorgiaState
football,59,Georgia Tech Yellow Jackets,GeorgiaTechFB,https://www.allmysportsteamssuck.com/ncaa-division-i-football-and-basketball-twitter-hashtags-and-handles/,yes,medium,
football,2248,Gettysburg Bullets,,,,,
football,2249,Glenville State Pioneers,,,,,
football,530,Graceland University Graceland,,,,,
football,125,Grand Valley State Lakers,,,,,
football,2256,Greensboro Pride,,,,,
football,2257,Greenville Panthers,,,,,
football,65,Grinnell Pioneers,,,,,
football,146,Grove City Wolverines,,,,,
football,2258,Guilford Quakers,,,,,
football,348,Hamilton Continentals,,,,,
football,162,Hamline Pipers,,,,,
football,297,Hampden Sydney Tigers,,,,,
football,2261,Hampton Pirates,Hampton_FB,https://www.allmysportsteamssuck.com/ncaa-division-i-football-and-basketball-twitter-hashtags-and-handles/,yes,medium,Hampton
football,2262,Hanover Panthers,,,,,
football,2264,Harding Bisons,,,,,
football,173,Hartwick Hawks,,,,,
football,108,Harvard Crimson,HarvardFootball,https://www.allmysportsteamssuck.com/ncaa-division-i-football-and-basketball-twitter-hashtags-and-handles/,yes,medium,Harvard
football,535,Haskell Indian Nations Univ Jayhawks,,,,,
football,191,Heidelberg Student Princes,,,,,
football,2271,Henderson State Reddies,,,,,
football,418,Hendrix Warriors,,,,,
football,2273,Hillsdale Chargers,,,,,
football,2274,Hiram Terriers,,,,,
football,174,Hobart College Statesmen,,,,,
football,107,Holy Cross Crusaders,HCrossFB,https://www.allmysportsteamssuck.com/ncaa-division-i-football-and-basketball-twitter-hashtags-and-handles/,yes,medium,HolyCross
football,2277,Houston Christian Huskies,HBU_Football,https://www.allmysportsteamssuck.com/ncaa-division-i-football-and-basketball-twitter-hashtags-and-handles/,yes,medium,HoustonBaptist
football,248,Houston Cougars,UHCougarFB,https://www.allmysportsteamssuck.com/ncaa-division-i-football-and-basketball-twitter-hashtags-and-handles/,yes,medium,
football,47,Howard Bison,HUBisonFootball,https://www.allmysportsteamssuck.com/ncaa-division-i-football-and-basketball-twitter-hashtags-and-handles/,yes,medium,Howard
football,2280,Husson Eagles,,,,,
football,2291,IU Pennsylvania Crimson Hawks,,,,,
football,304,Idaho State Bengals,IdahoStateFB,https://www.allmysportsteamssuck.com/ncaa-division-i-football-and-basketball-twitter-hashtags-and-handles/,yes,medium,IdahoState
football,70,Idaho Vandals,VandalFootball,https://www.allmysportsteamssuck.com/ncaa-division-i-football-and-basketball-twitter-hashtags-and-handles/,yes,medium,Vandals
football,2286,Illinois College Blueboys,IlliniFootball,https://www.allmysportsteamssuck.com/ncaa-division-i-football-and-basketball-twitter-hashtags-and-handles/,yes,medium,
football,356,Illinois Fighting Illini,IlliniFootball,https://www.allmysportsteamssuck.com/ncaa-division-i-football-and-basketball-twitter-hashtags-and-handles/,yes,medium,
football,2287,Illinois State Redbirds,RedbirdFB,https://www.allmysportsteamssuck.com/ncaa-division-i-football-and-basketball-twitter-hashtags-and-handles/,yes,medium,IllinoisState
football,306,Illinois Wesleyan Titans,IlliniFootball,https://www.allmysportsteamssuck.com/ncaa-division-i-football-and-basketball-twitter-hashtags-and-handles/,yes,medium,
football,84,Indiana Hoosiers,IndianaFootball,https://www.allmysportsteamssuck.com/ncaa-division-i-football-and-basketball-twitter-hashtags-and-handles/,yes,medium,
football,282,Indiana State Sycamores,IndianaStateFB,https://www.allmysportsteamssuck.com/ncaa-division-i-football-and-basketball-twitter-hashtags-and-handles/,yes,medium,IndianaState
football,2292,Indianapolis Greyhounds,IndianaFootball,https://www.allmysportsteamssuck.com/ncaa-division-i-football-and-basketball-twitter-hashtags-and-handles/,yes,medium,
football,2294,Iowa Hawkeyes,HawkeyeFootball,https://www.allmysportsteamssuck.com/ncaa-division-i-football-and-basketball-twitter-hashtags-and-handles/,yes,medium,
football,66,Iowa State Cyclones,CycloneFB,https://www.allmysportsteamssuck.com/ncaa-division-i-football-and-basketball-twitter-hashtags-and-handles/,yes,medium,
football,175,Ithaca Bombers,,,,,
football,2296,Jackson State Tigers,GoJSUTigersFB,https://www.allmysportsteamssuck.com/ncaa-division-i-football-and-basketball-twitter-hashtags-and-handles/,yes,medium,JacksonState
football,256,James Madison Dukes,JMUFootball,https://www.allmysportsteamssuck.com/ncaa-division-i-football-and-basketball-twitter-hashtags-and-handles/,yes,medium,JMU
football,2302,John Carroll Blue Streaks,,,,,
football,118,Johns Hopkins University Blue Jays,,,,,
football,2304,Johnson C. Smith Golden Bulls,,,,,
football,246,Juniata Eagles,,,,,
football,126,Kalamazoo Hornets,,,,,
football,2305,Kansas Jayhawks,KU_Football,https://www.allmysportsteamssuck.com/ncaa-division-i-football-and-basketball-twitter-hashtags-and-handles/,yes,medium,
football,2306,Kansas State Wildcats,KStateFB,https://www.allmysportsteamssuck.com/ncaa-division-i-football-and-basketball-twitter-hashtags-and-handles/,yes,medium,
football,547,Kansas Wesleyan Ks Wesleyan,KU_Football,https://www.allmysportsteamssuck.com/ncaa-division-i-football-and-basketball-twitter-hashtags-and-handles/,yes,medium,
football,2310,Kentucky State Thorobreds,UKFootball,https://www.allmysportsteamssuck.com/ncaa-division-i-football-and-basketball-twitter-hashtags-and-handles/,yes,medium,
football,2316,Kentucky Wesleyan Panthers,UKFootball,https://www.allmysportsteamssuck.com/ncaa-division-i-football-and-basketball-twitter-hashtags-and-handles/,yes,medium,
football,96,Kentucky Wildcats,UKFootball,https://www.allmysportsteamssuck.com/ncaa-division-i-football-and-basketball-twitter-hashtags-and-handles/,yes,medium,
football,352,Kenyon Owls,,,,,
football,247,King's Monarchs,,,,,
football,255,Knox Prairie Fire,,,,,
football,2315,Kutztown Golden Bears,,,,,
football,99,LSU Tigers,LSUFootball,https://www.allmysportsteamssuck.com/ncaa-division-i-football-and-basketball-twitter-hashtags-and-handles/,yes,medium,
football,2318,La Verne Leopards,,,,,
football,548,LaGrange Panthers,,,,,
football,322,Lafayette Leopards,LafColFootball,https://www.allmysportsteamssuck.com/ncaa-division-i-football-and-basketball-twitter-hashtags-and-handles/,yes,medium,LafayetteLeopards
football,437,Lake Erie Storm,,,,,
football,262,Lake Forest Foresters,,,,,
football,2320,Lamar Cardinals,LamarFootball,https://www.allmysportsteamssuck.com/ncaa-division-i-football-and-basketball-twitter-hashtags-and-handles/,yes,medium,Lamar
football,2323,Lane College Dragons,,,,,
football,2324,Langston Lions,,,,,
football,268,Lawrence Vikings,,,,,
football,388,Lebanon Valley Flying Dutchmen,,,,,
football,2329,Lehigh Mountain Hawks,LehighFootball,https://www.allmysportsteamssuck.com/ncaa-division-i-football-and-basketball-twitter-hashtags-and-handles/,yes,medium,Lehigh
football,2331,Lenoir Rhyne Bears,,,,,
football,2333,Lewis & Clark River Otters,,,,,
football,2339,Lincoln (PA) Lions,,,,,
football,203,Linfield Wildcats,,,,,
football,209,Lock Haven University Bald Eagles,,,,,
football,2341,Long Island University Sharks,LIUSharksFB,https://www.allmysportsteamssuck.com/ncaa-division-i-football-and-basketball-twitter-hashtags-and-handles/,yes,medium,LIUFB
football,263,Loras Duhawks,,,,,
football,2347,Louisiana Christian Wildcats,RaginCajunsFB,https://www.allmysportsteamssuck.com/ncaa-division-i-football-and-basketball-twitter-hashtags-and-handles/,yes,medium,RaginCajuns
football,309,Louisiana Ragin' Cajuns,RaginCajunsFB,https://www.allmysportsteamssuck.com/ncaa-division-i-football-and-basketball-twitter-hashtags-and-handles/,yes,medium,RaginCajuns
football,97,Louisville Cardinals,UofLFootball,https://www.allmysportsteamssuck.com/ncaa-division-i-football-and-basketball-twitter-hashtags-and-handles/,yes,medium,
football,67,Luther Norse,,,,,
football,2354,Lycoming Warriors,,,,,
football,109,MIT Engineers,,,,,
football,2359,Macalester Scots,,,,,
football,311,Maine Black Bears,BlackBearsFB,https://www.allmysportsteamssuck.com/ncaa-division-i-football-and-basketball-twitter-hashtags-and-handles/,yes,medium,BlackBears
football,274,Maine Maritime Mariners,BlackBearsFB,https://www.allmysportsteamssuck.com/ncaa-division-i-football-and-basketball-twitter-hashtags-and-handles/,yes,medium,BlackBears
football,2362,Manchester Spartans,,,,,
football,2365,Mansfield Mountaineers,,,,,
football,2366,Marian (IN) MARIAN,,,,,
football,317,Marietta Pioneers,,,,,
football,2368,Marist Red Foxes,Marist_Football,https://www.allmysportsteamssuck.com/ncaa-division-i-football-and-basketball-twitter-hashtags-and-handles/,yes,medium,Marist
football,2369,Mars Hill Lions,,,,,
football,276,Marshall Thundering Herd,HerdFB,https://www.allmysportsteamssuck.com/ncaa-division-i-football-and-basketball-twitter-hashtags-and-handles/,yes,medium,HerdNation
football,446,Martin Luther Knights,,,,,
football,2371,Mary Hardin Baylor Crusaders,,,,,
football,120,Maryland Terrapins,TerpsFootball,https://www.allmysportsteamssuck.com/ncaa-division-i-football-and-basketball-twitter-hashtags-and-handles/,yes,medium,
football,2373,Maryville (TN) Scots,,,,,
football,110,Mass Maritime Buccaneers,,,,,
football,561,Mayville State Comets,,,,,
football,241,McMurry War Hawks,,,,,
football,2377,McNeese Cowboys,McNeeseFootball,https://www.allmysportsteamssuck.com/ncaa-division-i-football-and-basketball-twitter-hashtags-and-handles/,yes,medium,McNeese
football,2382,Mercer Bears,MercerFootball,https://www.allmysportsteamssuck.com/ncaa-division-i-football-and-basketball-twitter-hashtags-and-handles/,yes,medium,Mercer
football,2383,Merchant Marine Mariners,,,,,
football,2385,Mercyhurst Lakers,,,,,
football,291,Methodist Monarchs,,,,,
football,2390,Miami Hurricanes,CanesFootball,https://www.allmysportsteamssuck.com/ncaa-division-i-football-and-basketball-twitter-hashtags-and-handles/,yes,medium,
football,127,Michigan State Spartans,MSU_Football,https://www.allmysportsteamssuck.com/ncaa-division-i-football-and-basketball-twitter-hashtags-and-handles/,yes,medium,
football,2392,Michigan Tech Huskies,UMichFootball,https://www.allmysportsteamssuck.com/ncaa-division-i-football-and-basketball-twitter-hashtags-and-handles/,yes,medium,
football,130,Michigan Wolverines,UMichFootball,https://www.allmysportsteamssuck.com/ncaa-division-i-football-and-basketball-twitter-hashtags-and-handles/,yes,medium,
football,2394,Middlebury Panthers,,,,,
football,565,Midland MIDLAND LUTHERAN,,,,,
football,2395,Midwestern State Mustangs,,,,,
football,2396,Miles Golden Bears,,,,,
football,210,Millersville Marauders,,,,,
football,74,Millikin Big Blue,,,,,
football,2398,Millsaps Majors,,,,,
football,134,Minnesota Duluth Bulldogs,GopherFootball,https://www.allmysportsteamssuck.com/ncaa-division-i-football-and-basketball-twitter-hashtags-and-handles/,yes,medium,
football,135,Minnesota Golden Gophers,GopherFootball,https://www.allmysportsteamssuck.com/ncaa-division-i-football-and-basketball-twitter-hashtags-and-handles/,yes,medium,
football,2399,Minnesota Morris Cougars,GopherFootball,https://www.allmysportsteamssuck.com/ncaa-division-i-football-and-basketball-twitter-hashtags-and-handles/,yes,medium,
football,2364,Minnesota State Mavericks,GopherFootball,https://www.allmysportsteamssuck.com/ncaa-division-i-football-and-basketball-twitter-hashtags-and-handles/,yes,medium,
football,568,Minot State Beavers,,,,,
football,344,Mississippi State Bulldogs,HailStateFB,https://www.allmysportsteamssuck.com/ncaa-division-i-football-and-basketball-twitter-hashtags-and-handles/,yes,medium,
football,2400,Mississippi Valley State Delta Devils,MSValleyFB,https://www.allmysportsteamssuck.com/ncaa-division-i-football-and-basketball-twitter-hashtags-and-handles/,yes,medium,MVSU
football,2402,Missouri S&T Miners,MizzouFootball,https://www.allmysportsteamssuck.com/ncaa-division-i-football-and-basketball-twitter-hashtags-and-handles/,yes,medium,
football,2403,Missouri Southern State Lions,MizzouFootball,https://www.allmysportsteamssuck.com/ncaa-division-i-football-and-basketball-twitter-hashtags-and-handles/,yes,medium,
football,142,Missouri Tigers,MizzouFootball,https://www.allmysportsteamssuck.com/ncaa-division-i-football-and-basketball-twitter-hashtags-and-handles/,yes,medium,
football,137,Missouri Western Griffons,MizzouFootball,https://www.allmysportsteamssuck.com/ncaa-division-i-football-and-basketball-twitter-hashtags-and-handles/,yes,medium,
football,2405,Monmouth Hawks,MUHawksFB,https://www.allmysportsteamssuck.com/ncaa-division-i-football-and-basketball-twitter-hashtags-and-handles/,yes,medium,Monmouth
football,149,Montana Grizzlies,MontanaGrizFB,https://www.allmysportsteamssuck.com/ncaa-division-i-football-and-basketball-twitter-hashtags-and-handles/,yes,medium,GoGriz
football,147,Montana State Bobcats,MSUBobcatsFB,https://www.allmysportsteamssuck.com/ncaa-division-i-football-and-basketball-twitter-hashtags-and-handles/,yes,medium,MSUBobcats
football,323,Moravian Greyhounds,,,,,
football,2413,Morehead State Eagles,MSUEaglesFB,https://www.allmysportsteamssuck.com/ncaa-division-i-football-and-basketball-twitter-hashtags-and-handles/,yes,medium,MSUEagles
football,60,Morehouse Maroon Tigers,,,,,
football,2415,Morgan State Bears,MorganStateFB,https://www.allmysportsteamssuck.com/ncaa-division-i-football-and-basketball-twitter-hashtags-and-handles/,yes,medium,MorganState
football,2416,Morningside Chiefs,,,,,
football,2419,Mount St Joseph Lions,,,,,
football,426,Mount Union Purple Raiders,,,,,
football,2422,Muhlenberg Mules,,,,,
football,93,Murray State Racers,RacersFootball,https://www.allmysportsteamssuck.com/ncaa-division-i-football-and-basketball-twitter-hashtags-and-handles/,yes,medium,Racers
football,332,Muskingum Fighting Muskies,,,,,
football,152,NC State Wolfpack,,,,,
football,158,Nebraska Cornhuskers,HuskerFBNation,https://www.allmysportsteamssuck.com/ncaa-division-i-football-and-basketball-twitter-hashtags-and-handles/,yes,medium,
football,2438,Nebraska Kearney Lopers,HuskerFBNation,https://www.allmysportsteamssuck.com/ncaa-division-i-football-and-basketball-twitter-hashtags-and-handles/,yes,medium,
football,160,New Hampshire Wildcats,UNH_Football,https://www.allmysportsteamssuck.com/ncaa-division-i-football-and-basketball-twitter-hashtags-and-handles/,yes,medium,UNH
football,2441,New Haven Chargers,,,,,
football,2424,New Mexico Highlands Cowboys,UNMLoboFB,https://www.allmysportsteamssuck.com/ncaa-division-i-football-and-basketball-twitter-hashtags-and-handles/,yes,medium,Lobos
football,2444,Newberry Wolves,,,,,
football,2447,Nicholls Colonels,Nicholls_FB,https://www.allmysportsteamssuck.com/ncaa-division-i-football-and-basketball-twitter-hashtags-and-handles/,yes,medium,GeauxColonels
football,2450,Norfolk State Spartans,NSU_FB,https://www.allmysportsteamssuck.com/ncaa-division-i-football-and-basketball-twitter-hashtags-and-handles/,yes,medium,NSU
football,2453,North Alabama Lions,UNAFootball,https://www.allmysportsteamssuck.com/ncaa-division-i-football-and-basketball-twitter-hashtags-and-handles/,yes,medium,UNA
football,2448,North Carolina A&T Aggies,Football_NCAT,https://www.allmysportsteamssuck.com/ncaa-division-i-football-and-basketball-twitter-hashtags-and-handles/,yes,medium,NCAT
football,2428,North Carolina Central Eagles,NCCU_Football,https://www.allmysportsteamssuck.com/ncaa-division-i-football-and-basketball-twitter-hashtags-and-handles/,yes,medium,NCCU
football,153,North Carolina Tar Heels,TarHeelFootball,https://www.allmysportsteamssuck.com/ncaa-division-i-football-and-basketball-twitter-hashtags-and-handles/,yes,medium,
football,286,North Carolina Wesleyan Battling Bishops,TarHeelFootball,https://www.allmysportsteamssuck.com/ncaa-division-i-football-and-basketball-twitter-hashtags-and-handles/,yes,medium,
football,155,North Dakota Fighting Hawks,UNDFootball,https://www.allmysportsteamssuck.com/ncaa-division-i-football-and-basketball-twitter-hashtags-and-handles/,yes,medium,UND
football,2449,North Dakota State Bison,NDSUFootball,https://www.allmysportsteamssuck.com/ncaa-division-i-football-and-basketball-twitter-hashtags-and-handles/,yes,medium,NDSU
football,75,North Park Vikings,,,,,
football,196,Northeastern State RiverHawks,,,,,
football,2464,Northern Arizona Lumberjacks,NAU_Football,https://www.allmysportsteamssuck.com/ncaa-division-i-football-and-basketball-twitter-hashtags-and-handles/,yes,medium,NAU
football,2458,Northern Colorado Bears,UNCBearsFB,https://www.allmysportsteamssuck.com/ncaa-division-i-football-and-basketball-twitter-hashtags-and-handles/,yes,medium,UNCBears
football,2460,Northern Iowa Panthers,UNIFootball,https://www.allmysportsteamssuck.com/ncaa-division-i-football-and-basketball-twitter-hashtags-and-handles/,yes,medium,UNI
football,128,Northern Michigan Wildcats,,,,,
football,425,Northern State Wolves,,,,,
football,138,Northwest Missouri State Bearcats,,,,,
football,583,Northwestern (MN) Eagles,NUFBFamily,https://www.allmysportsteamssuck.com/ncaa-division-i-football-and-basketball-twitter-hashtags-and-handles/,yes,medium,
football,2466,Northwestern State Demons,NSUDemonsFB,https://www.allmysportsteamssuck.com/ncaa-division-i-football-and-basketball-twitter-hashtags-and-handles/,yes,medium,NorthwesternState
football,77,Northwestern Wildcats,NUFBFamily,https://www.allmysportsteamssuck.com/ncaa-division-i-football-and-basketball-twitter-hashtags-and-handles/,yes,medium,
football,2467,Norwich Cadets,,,,,
football,391,Oberlin Yeomen,,,,,
football,427,Ohio Northern Polar Bears,OhioFootball,https://www.allmysportsteamssuck.com/ncaa-division-i-football-and-basketball-twitter-hashtags-and-handles/,yes,medium,OhioBobcats
football,194,Ohio State Buckeyes,OhioStateFB,https://www.allmysportsteamssuck.com/ncaa-division-i-football-and-basketball-twitter-hashtags-and-handles/,yes,medium,OhioBobcats
football,319,Oklahoma Baptist Bison,OU_Football,https://www.allmysportsteamssuck.com/ncaa-division-i-football-and-basketball-twitter-hashtags-and-handles/,yes,medium,
football,201,Oklahoma Sooners,OU_Football,https://www.allmysportsteamssuck.com/ncaa-division-i-football-and-basketball-twitter-hashtags-and-handles/,yes,medium,
football,197,Oklahoma State Cowboys,CowboyFB,https://www.allmysportsteamssuck.com/ncaa-division-i-football-and-basketball-twitter-hashtags-and-handles/,yes,medium,
football,295,Old Dominion Monarchs,ODUFootball,https://www.allmysportsteamssuck.com/ncaa-division-i-football-and-basketball-twitter-hashtags-and-handles/,yes,medium,ODU
football,145,Ole Miss Rebels,OleMissFB,https://www.allmysportsteamssuck.com/ncaa-division-i-football-and-basketball-twitter-hashtags-and-handles/,yes,medium,
football,354,Olivet Comets,,,,,
football,2483,Oregon Ducks,OregonFootball,https://www.allmysportsteamssuck.com/ncaa-division-i-football-and-basketball-twitter-hashtags-and-handles/,yes,medium,
football,359,Otterbein Cardinals,,,,,
football,2487,Pace Setters,,,,,
football,205,Pacific (OR) Boxers,,,,,
football,2486,Pacific Lutheran Lutes,,,,,
football,213,Penn State Nittany Lions,PennStateFball,https://www.allmysportsteamssuck.com/ncaa-division-i-football-and-basketball-twitter-hashtags-and-handles/,yes,medium,Penn
football,219,Pennsylvania Quakers,PennFB,https://www.allmysportsteamssuck.com/ncaa-division-i-football-and-basketball-twitter-hashtags-and-handles/,yes,medium,Penn
football,95,Pikeville Bears,,,,,
football,90,Pittsburg State Gorillas,,,,,
football,221,Pittsburgh Panthers,Pitt_FB,https://www.allmysportsteamssuck.com/ncaa-division-i-football-and-basketball-twitter-hashtags-and-handles/,yes,medium,
football,2502,Portland State Vikings,PSUViksFB,https://www.allmysportsteamssuck.com/ncaa-division-i-football-and-basketball-twitter-hashtags-and-handles/,yes,medium,GoViks
football,2504,Prairie View A&M Panthers,PVAMUFootball,https://www.allmysportsteamssuck.com/ncaa-division-i-football-and-basketball-twitter-hashtags-and-handles/,yes,medium,PVAMU
football,2506,Presbyterian Blue Hose,BlueHoseFtball,https://www.allmysportsteamssuck.com/ncaa-division-i-football-and-basketball-twitter-hashtags-and-handles/,yes,medium,Presbyterian
football,163,Princeton Tigers,PUTigerFootball,https://www.allmysportsteamssuck.com/ncaa-division-i-football-and-basketball-twitter-hashtags-and-handles/,yes,medium,Princeton
football,29,Redlands Bulldogs,,,,,
football,227,Rhode Island Rams,RhodyFootball,https://www.allmysportsteamssuck.com/ncaa-division-i-football-and-basketball-twitter-hashtags-and-handles/,yes,medium,URI
football,257,Richmond Spiders,SpiderFootball,https://www.allmysportsteamssuck.com/ncaa-division-i-football-and-basketball-twitter-hashtags-and-handles/,yes,medium,Spiders
football,184,Rochester (NY) Yellow Jackets,,,,,
football,599,Roosevelt Lakers,,,,,
football,86,Rose Hulman Fightin' Engineers,,,,,
football,164,Rutgers Scarlet Knights,Rfootball,https://www.allmysportsteamssuck.com/ncaa-division-i-football-and-basketball-twitter-hashtags-and-handles/,yes,medium,
football,16,Sacramento State Hornets,SacHornetsFB,https://www.allmysportsteamssuck.com/ncaa-division-i-football-and-basketball-twitter-hashtags-and-handles/,yes,medium,SacState
football,129,Saginaw Valley State Cardinals,,,,,
football,301,San Diego Toreros,USDFootball,https://www.allmysportsteamssuck.com/ncaa-division-i-football-and-basketball-twitter-hashtags-and-handles/,yes,medium,USD
football,611,Seton Hill Griffins,,,,,
football,215,Slippery Rock The Rock,,,,,
football,6,South Alabama Jaguars,WeAreSouth_FB,https://www.allmysportsteamssuck.com/ncaa-division-i-football-and-basketball-twitter-hashtags-and-handles/,yes,medium,SouthAlabama
football,233,South Dakota Coyotes,SDCoyotesFB,https://www.allmysportsteamssuck.com/ncaa-division-i-football-and-basketball-twitter-hashtags-and-handles/,yes,medium,SDCoyotes
football,613,South Dakota Mines Hardrockers,SDCoyotesFB,https://www.allmysportsteamssuck.com/ncaa-division-i-football-and-basketball-twitter-hashtags-and-handles/,yes,medium,SDCoyotes
football,267,Southeastern Fires,,,,,
football,199,Southeastern Oklahoma State Savage Storm,,,,,
football,79,Southern Illinois Salukis,SIU_Football,https://www.allmysportsteamssuck.com/ncaa-division-i-football-and-basketball-twitter-hashtags-and-handles/,yes,medium,SIU
football,200,Southern Nazarene Crimson Storm,SouthernUsports,https://www.allmysportsteamssuck.com/ncaa-division-i-football-and-basketball-twitter-hashtags-and-handles/,yes,medium,SouthernU
football,253,Southern Utah Thunderbirds,SUUFB,https://www.allmysportsteamssuck.com/ncaa-division-i-football-and-basketball-twitter-hashtags-and-handles/,yes,medium,SUU
football,616,Southwestern (KS) Moundbuilders,,,,,
football,81,Springfield Pride,,,,,
football,374,St. John Fisher Cardinals,,,,,
football,133,St. Olaf Oles,,,,,
football,375,St. Scholastica Saints,,,,,
football,24,Stanford Cardinal,StanfordFball,https://www.allmysportsteamssuck.com/ncaa-division-i-football-and-basketball-twitter-hashtags-and-handles/,yes,medium,
football,618,Sterling STERLING KS,,,,,
football,56,Stetson Hatters,StetsonFootball,https://www.allmysportsteamssuck.com/ncaa-division-i-football-and-basketball-twitter-hashtags-and-handles/,yes,medium,Stetson
football,471,Stevenson Mustangs,,,,,
football,284,Stonehill Skyhawks,,,,,
football,216,Susquehanna River Hawks,,,,,
football,183,Syracuse Orange,CuseFootball,https://www.allmysportsteamssuck.com/ncaa-division-i-football-and-basketball-twitter-hashtags-and-handles/,yes,medium,
football,620,Taylor Trojans,,,,,
football,245,Texas A&M Aggies,AggieFootball,https://www.allmysportsteamssuck.com/ncaa-division-i-football-and-basketball-twitter-hashtags-and-handles/,yes,medium,
football,251,Texas Longhorns,TexasFootball,https://www.allmysportsteamssuck.com/ncaa-division-i-football-and-basketball-twitter-hashtags-and-handles/,yes,medium,
football,326,Texas State Bobcats,TXStateFootball,https://www.allmysportsteamssuck.com/ncaa-division-i-football-and-basketball-twitter-hashtags-and-handles/,yes,medium,TexasState
football,2442,The College of New Jersey Lions,,,,,
football,119,Towson Tigers,Towson_FB,https://www.allmysportsteamssuck.com/ncaa-division-i-football-and-basketball-twitter-hashtags-and-handles/,yes,medium,Towson
football,386,Trinity (TX) Tigers,,,,,
football,112,Tufts Jumbos,,,,,
football,399,UAlbany Great Danes,,,,,
football,302,UC Davis Aggies,,,,,
football,2116,UCF Knights,,,,,
football,26,UCLA Bruins,UCLAFootball,https://www.allmysportsteamssuck.com/ncaa-division-i-football-and-basketball-twitter-hashtags-and-handles/,yes,medium,
football,2433,UL Monroe Warhawks,ULM_FB,https://www.allmysportsteamssuck.com/ncaa-division-i-football-and-basketball-twitter-hashtags-and-handles/,yes,medium,Warhawks
football,379,UMass Dartmouth Corsairs,,,,,
football,30,USC Trojans,USC_FB,https://www.allmysportsteamssuck.com/ncaa-division-i-football-and-basketball-twitter-hashtags-and-handles/,yes,medium,
football,237,Union Garnet Chargers,,,,,
football,559,University of Mary Marauders,,,,,
football,389,Upper Iowa Peacocks,,,,,
football,254,Utah Utes,Utah_Football,https://www.allmysportsteamssuck.com/ncaa-division-i-football-and-basketball-twitter-hashtags-and-handles/,yes,medium,
football,390,Utica Pioneers,,,,,
football,628,Valley City State VALLEY CITY ST,,,,,
football,238,Vanderbilt Commodores,VandyFootball,https://www.allmysportsteamssuck.com/ncaa-division-i-football-and-basketball-twitter-hashtags-and-handles/,yes,medium,
football,293,Vermont State Castleton Spartans,,,,,
football,222,Villanova Wildcats,NovaFootball,https://www.allmysportsteamssuck.com/ncaa-division-i-football-and-basketball-twitter-hashtags-and-handles/,yes,medium,Nova
football,258,Virginia Cavaliers,UVAFootball,https://www.allmysportsteamssuck.com/ncaa-division-i-football-and-basketball-twitter-hashtags-and-handles/,yes,medium,
football,2355,Virginia Lynchburg Dragons,UVAFootball,https://www.allmysportsteamssuck.com/ncaa-division-i-football-and-basketball-twitter-hashtags-and-handles/,yes,medium,
football,330,Virginia State Trojans,UVAFootball,https://www.allmysportsteamssuck.com/ncaa-division-i-football-and-basketball-twitter-hashtags-and-handles/,yes,medium,
football,259,Virginia Tech Hokies,VT_Football,https://www.allmysportsteamssuck.com/ncaa-division-i-football-and-basketball-twitter-hashtags-and-handles/,yes,medium,
football,89,Wabash Little Giants,,,,,
football,154,Wake Forest Demon Deacons,WakeFB,https://www.allmysportsteamssuck.com/ncaa-division-i-football-and-basketball-twitter-hashtags-and-handles/,yes,medium,
football,264,Washington Huskies,UW_Football,https://www.allmysportsteamssuck.com/ncaa-division-i-football-and-basketball-twitter-hashtags-and-handles/,yes,medium,
football,143,Washington St. Louis Bears,UW_Football,https://www.allmysportsteamssuck.com/ncaa-division-i-football-and-basketball-twitter-hashtags-and-handles/,yes,medium,
football,630,Wayland Baptist Pioneers,,,,,
football,131,Wayne State (MI) Warriors,,,,,
football,336,Wesleyan (CT) Cardinals,,,,,
football,223,West Chester Golden Rams,,,,,
football,277,West Virginia Mountaineers,WVUFootball,https://www.allmysportsteamssuck.com/ncaa-division-i-football-and-basketball-twitter-hashtags-and-handles/,yes,medium,
football,455,West Virginia Wesleyan Bobcats,WVUFootball,https://www.allmysportsteamssuck.com/ncaa-division-i-football-and-basketball-twitter-hashtags-and-handles/,yes,medium,
football,433,Westminster (MO) Blue Jays,,,,,
football,396,Wheaton (IL) Thunder,,,,,
football,398,Wilkes Colonels,,,,,
football,351,Wingate Bulldogs,,,,,
football,275,Wisconsin Badgers,BadgerFootball,https://www.allmysportsteamssuck.com/ncaa-division-i-football-and-basketball-twitter-hashtags-and-handles/,yes,medium,
football,271,Wisconsin Oshkosh Titans,BadgerFootball,https://www.allmysportsteamssuck.com/ncaa-division-i-football-and-basketball-twitter-hashtags-and-handles/,yes,medium,
football,272,Wisconsin Platteville Pioneers,BadgerFootball,https://www.allmysportsteamssuck.com/ncaa-division-i-football-and-basketball-twitter-hashtags-and-handles/,yes,medium,
football,402,Worcester State Lancers,,,,,
football,43,Yale Bulldogs,Yale_Football,https://www.allmysportsteamssuck.com/ncaa-division-i-football-and-basketball-twitter-hashtags-and-handles/,yes,medium,Yale
basketball,333,Alabama Crimson Tide,AlabamaMBB,https://www.allmysportsteamssuck.com/ncaa-division-i-football-and-basketball-twitter-hashtags-and-handles/,yes,medium,
basketball,9,Arizona State Sun Devils,SunDevilHoops,https://www.allmysportsteamssuck.com/ncaa-division-i-football-and-basketball-twitter-hashtags-and-handles/,yes,medium,
basketball,12,Arizona Wildcats,APlayersProgram,https://www.allmysportsteamssuck.com/ncaa-division-i-football-and-basketball-twitter-hashtags-and-handles/,yes,medium,
basketball,8,Arkansas Razorbacks,RazorbackMBB,https://www.allmysportsteamssuck.com/ncaa-division-i-football-and-basketball-twitter-hashtags-and-handles/,yes,medium,
basketball,2,Auburn Tigers,AuburnMBB,https://www.allmysportsteamssuck.com/ncaa-division-i-football-and-basketball-twitter-hashtags-and-handles/,yes,medium,
basketball,252,BYU Cougars,BYUBasketball,https://www.allmysportsteamssuck.com/ncaa-division-i-football-and-basketball-twitter-hashtags-and-handles/,yes,medium,
basketball,103,Boston College Eagles,BCMBB,https://www.allmysportsteamssuck.com/ncaa-division-i-football-and-basketball-twitter-hashtags-and-handles/,yes,medium,
basketball,25,California Golden Bears,CalMBBall,https://www.allmysportsteamssuck.com/ncaa-division-i-football-and-basketball-twitter-hashtags-and-handles/,yes,medium,
basketball,2132,Cincinnati Bearcats,GoBearcatsMBB,https://www.allmysportsteamssuck.com/ncaa-division-i-football-and-basketball-twitter-hashtags-and-handles/,yes,medium,
basketball,228,Clemson Tigers,ClemsonMBB,https://www.allmysportsteamssuck.com/ncaa-division-i-football-and-basketball-twitter-hashtags-and-handles/,yes,medium,
basketball,150,Duke Blue Devils,DukeMBB,https://www.allmysportsteamssuck.com/ncaa-division-i-football-and-basketball-twitter-hashtags-and-handles/,yes,medium,
basketball,57,Florida Gators,GatorsMBK,https://www.allmysportsteamssuck.com/ncaa-division-i-football-and-basketball-twitter-hashtags-and-handles/,yes,medium,
basketball,52,Florida State Seminoles,FSUHoops,https://www.allmysportsteamssuck.com/ncaa-division-i-football-and-basketball-twitter-hashtags-and-handles/,yes,medium,
basketball,61,Georgia Bulldogs,UGABasketball,https://www.allmysportsteamssuck.com/ncaa-division-i-football-and-basketball-twitter-hashtags-and-handles/,yes,medium,
basketball,59,Georgia Tech Yellow Jackets,GTMBB,https://www.allmysportsteamssuck.com/ncaa-division-i-football-and-basketball-twitter-hashtags-and-handles/,yes,medium,
basketball,248,Houston Cougars,UHCougarMBK,https://www.allmysportsteamssuck.com/ncaa-division-i-football-and-basketball-twitter-hashtags-and-handles/,yes,medium,
basketball,356,Illinois Fighting Illini,IlliniMBB,https://www.allmysportsteamssuck.com/ncaa-division-i-football-and-basketball-twitter-hashtags-and-handles/,yes,medium,
basketball,84,Indiana Hoosiers,IndianaMBB,https://www.allmysportsteamssuck.com/ncaa-division-i-football-and-basketball-twitter-hashtags-and-handles/,yes,medium,
basketball,2294,Iowa Hawkeyes,IowaHoops,https://www.allmysportsteamssuck.com/ncaa-division-i-football-and-basketball-twitter-hashtags-and-handles/,yes,medium,
basketball,66,Iowa State Cyclones,CycloneMBB,https://www.allmysportsteamssuck.com/ncaa-division-i-football-and-basketball-twitter-hashtags-and-handles/,yes,medium,
basketball,2305,Kansas Jayhawks,KUHoops,https://www.allmysportsteamssuck.com/ncaa-division-i-football-and-basketball-twitter-hashtags-and-handles/,yes,medium,
basketball,2306,Kansas State Wildcats,KStateMBB,https://www.allmysportsteamssuck.com/ncaa-division-i-football-and-basketball-twitter-hashtags-and-handles/,yes,medium,
basketball,96,Kentucky Wildcats,KentuckyMBB,https://www.allmysportsteamssuck.com/ncaa-division-i-football-and-basketball-twitter-hashtags-and-handles/,yes,medium,
basketball,99,LSU Tigers,LSUBasketball,https://www.allmysportsteamssuck.com/ncaa-division-i-football-and-basketball-twitter-hashtags-and-handles/,yes,medium,
basketball,97,Louisville Cardinals,LouisvilleMBB,https://www.allmysportsteamssuck.com/ncaa-division-i-football-and-basketball-twitter-hashtags-and-handles/,yes,medium,
basketball,120,Maryland Terrapins,TerrapinHoops,https://www.allmysportsteamssuck.com/ncaa-division-i-football-and-basketball-twitter-hashtags-and-handles/,yes,medium,
basketball,2390,Miami Hurricanes,CanesHoops,https://www.allmysportsteamssuck.com/ncaa-division-i-football-and-basketball-twitter-hashtags-and-handles/,yes,medium,
basketball,127,Michigan State Spartans,MSU_Basketball,https://www.allmysportsteamssuck.com/ncaa-division-i-football-and-basketball-twitter-hashtags-and-handles/,yes,medium,
basketball,130,Michigan Wolverines,UMichBBall,https://www.allmysportsteamssuck.com/ncaa-division-i-football-and-basketball-twitter-hashtags-and-handles/,yes,medium,
basketball,344,Mississippi State Bulldogs,HailStateMBK,https://www.allmysportsteamssuck.com/ncaa-division-i-football-and-basketball-twitter-hashtags-and-handles/,yes,medium,
basketball,142,Missouri Tigers,MizzouHoops,https://www.allmysportsteamssuck.com/ncaa-division-i-football-and-basketball-twitter-hashtags-and-handles/,yes,medium,
basketball,152,NC State Wolfpack,,,,,
basketball,158,Nebraska Cornhuskers,HuskerHoops,https://www.allmysportsteamssuck.com/ncaa-division-i-football-and-basketball-twitter-hashtags-and-handles/,yes,medium,
basketball,153,North Carolina Tar Heels,UNC_Basketball,https://www.allmysportsteamssuck.com/ncaa-division-i-football-and-basketball-twitter-hashtags-and-handles/,yes,medium,
basketball,77,Northwestern Wildcats,NUMensBball,https://www.allmysportsteamssuck.com/ncaa-division-i-football-and-basketball-twitter-hashtags-and-handles/,yes,medium,
basketball,87,Notre Dame Fighting Irish,NDMBB,https://www.allmysportsteamssuck.com/ncaa-division-i-football-and-basketball-twitter-hashtags-and-handles/,yes,medium,NotreDame
basketball,194,Ohio State Buckeyes,OhioStateHoops,https://www.allmysportsteamssuck.com/ncaa-division-i-football-and-basketball-twitter-hashtags-and-handles/,yes,medium,OhioBobcats
basketball,197,Oklahoma State Cowboys,OSUMBB,https://www.allmysportsteamssuck.com/ncaa-division-i-football-and-basketball-twitter-hashtags-and-handles/,yes,medium,
basketball,145,Ole Miss Rebels,OleMissMBB,https://www.allmysportsteamssuck.com/ncaa-division-i-football-and-basketball-twitter-hashtags-and-handles/,yes,medium,
basketball,2483,Oregon Ducks,OregonMBB,https://www.allmysportsteamssuck.com/ncaa-division-i-football-and-basketball-twitter-hashtags-and-handles/,yes,medium,
basketball,213,Penn State Nittany Lions,PennStateMBB,https://www.allmysportsteamssuck.com/ncaa-division-i-football-and-basketball-twitter-hashtags-and-handles/,yes,medium,Penn
basketball,221,Pittsburgh Panthers,Pitt_MBB,https://www.allmysportsteamssuck.com/ncaa-division-i-football-and-basketball-twitter-hashtags-and-handles/,yes,medium,
basketball,2509,Purdue Boilermakers,BoilerBall,https://www.allmysportsteamssuck.com/ncaa-division-i-football-and-basketball-twitter-hashtags-and-handles/,yes,medium,
basketball,2567,SMU Mustangs,SMUBasketball,https://www.allmysportsteamssuck.com/ncaa-division-i-football-and-basketball-twitter-hashtags-and-handles/,yes,medium,
basketball,2579,South Carolina Gamecocks,GamecockMBB,https://www.allmysportsteamssuck.com/ncaa-division-i-football-and-basketball-twitter-hashtags-and-handles/,yes,medium,
basketball,183,Syracuse Orange,Cuse_MBB,https://www.allmysportsteamssuck.com/ncaa-division-i-football-and-basketball-twitter-hashtags-and-handles/,yes,medium,
basketball,2628,TCU Horned Frogs,TCUBasketball,https://www.allmysportsteamssuck.com/ncaa-division-i-football-and-basketball-twitter-hashtags-and-handles/,yes,medium,
basketball,2633,Tennessee Volunteers,Vol_Hoops,https://www.allmysportsteamssuck.com/ncaa-division-i-football-and-basketball-twitter-hashtags-and-handles/,yes,medium,
basketball,245,Texas A&M Aggies,AggieMBK,https://www.allmysportsteamssuck.com/ncaa-division-i-football-and-basketball-twitter-hashtags-and-handles/,yes,medium,
basketball,251,Texas Longhorns,TexasMBB,https://www.allmysportsteamssuck.com/ncaa-division-i-football-and-basketball-twitter-hashtags-and-handles/,yes,medium,
basketball,2641,Texas Tech Red Raiders,TexasTechMBB,https://www.allmysportsteamssuck.com/ncaa-division-i-football-and-basketball-twitter-hashtags-and-handles/,yes,medium,
basketball,2116,UCF Knights,,,,,
basketball,26,UCLA Bruins,UCLAMBB,https://www.allmysportsteamssuck.com/ncaa-division-i-football-and-basketball-twitter-hashtags-and-handles/,yes,medium,
basketball,30,USC Trojans,USC_Hoops,https://www.allmysportsteamssuck.com/ncaa-division-i-football-and-basketball-twitter-hashtags-and-handles/,yes,medium,
basketball,254,Utah Utes,UtahMBB,https://www.allmysportsteamssuck.com/ncaa-division-i-football-and-basketball-twitter-hashtags-and-handles/,yes,medium,
basketball,238,Vanderbilt Commodores,VandyMBB,https://www.allmysportsteamssuck.com/ncaa-division-i-football-and-basketball-twitter-hashtags-and-handles/,yes,medium,
basketball,258,Virginia Cavaliers,UVAMensHoops,https://www.allmysportsteamssuck.com/ncaa-division-i-football-and-basketball-twitter-hashtags-and-handles/,yes,medium,
basketball,259,Virginia Tech Hokies,HokiesMBB,https://www.allmysportsteamssuck.com/ncaa-division-i-football-and-basketball-twitter-hashtags-and-handles/,yes,medium,
basketball,154,Wake Forest Demon Deacons,WakeMBB,https://www.allmysportsteamssuck.com/ncaa-division-i-football-and-basketball-twitter-hashtags-and-handles/,yes,medium,
basketball,264,Washington Huskies,UW_MBB,https://www.allmysportsteamssuck.com/ncaa-division-i-football-and-basketball-twitter-hashtags-and-handles/,yes,medium,
basketball,275,Wisconsin Badgers,BadgerMBB,https://www.allmysportsteamssuck.com/ncaa-division-i-football-and-basketball-twitter-hashtags-and-handles/,yes,medium,
baseball,315,Abilene Christian Wildcats,,,,,
baseball,155,Air Force Falcons,,,,,
baseball,316,Akron Zips,,,,,
baseball,317,Alabama A&M Bulldogs,,,,,
baseball,148,Alabama Crimson Tide,,,,,
baseball,260,Alcorn State Braves,,,,,
baseball,821,Alma Scots,,,,,
baseball,319,American University Eagles,,,,,
baseball,822,Anderson (IN) Ravens,,,,,
baseball,59,Arizona State Sun Devils,,,,,
baseball,60,Arizona Wildcats,,,,,
baseball,58,Arkansas Razorbacks,,,,,
baseball,321,Arkansas-Pine Bluff Golden Lions,,,,,
baseball,151,Army Black Knights,,,,,
baseball,55,Auburn Tigers,,,,,
baseball,129701,Augustana (IL) Vikings,,,,,
baseball,129702,Aurora Spartans,,,,,
baseball,127,BYU Cougars,,,,,
baseball,824,Baker University,,,,,
baseball,157,Ball State Cardinals,,,,,
baseball,825,Barry Buccaneers,,,,,
baseball,121,Baylor Bears,,,,,
baseball,1143,Bellarmine Knights,,,,,
baseball,262,Belmont Bruins,,,,,
baseball,826,Bethany (KS) BETHANY (KS),,,,,
baseball,158,Bethune-Cookman Wildcats,,,,,
baseball,56,Birmingham Southern Panthers,,,,,
baseball,322,Boise State Broncos,,,,,
baseball,1139,Boise State Broncos,,,,,
baseball,86,Boston College Eagles,,,,,
baseball,323,Boston University Terriers,,,,,
baseball,106,Bowling Green Falcons,,,,,
baseball,324,Bradley Braves,,,,,
baseball,116,Brown Bears,,,,,
baseball,299,Bryant Bulldogs,,,,,
baseball,313,Bucknell Bison,,,,,
baseball,325,Buffalo Bulls,,,,,
baseball,827,Cal Poly Pomona Broncos,,,,,
baseball,129760,Cal State Los Angeles Golden Eagles,,,,,
baseball,1105,California Baptist Lancers,,,,,
baseball,65,California Golden Bears,,,,,
baseball,298,Canisius Golden Griffins,,,,,
baseball,828,Centenary (LA) Gentlemen,,,,,
baseball,159,Central Connecticut Blue Devils,,,,,
baseball,328,Central Michigan Chippewas,,,,,
baseball,829,Central Missouri Mules,,,,,
baseball,329,Charleston Southern Buccaneers,,,,,
baseball,330,Chattanooga Mocs,,,,,
baseball,331,Chicago St Cougars,,,,,
baseball,161,Cincinnati Bearcats,,,,,
baseball,117,Clemson Tigers,,,,,
baseball,332,Cleveland State Vikings,,,,,
baseball,1248,Coe Kohawks,,,,,
baseball,333,Colgate Raiders,,,,,
baseball,334,Colorado Buffaloes,,,,,
baseball,335,Colorado State Rams,,,,,
baseball,284,Columbia Lions,,,,,
baseball,1067,Concordia St. Paul Golden Bears,,,,,
baseball,1280,Copiah Lincoln CLCC,,,,,
baseball,162,Coppin State Eagles,,,,,
baseball,928,Cornell (IA) Rams,,,,,
baseball,336,Cornell Big Red,,,,,
baseball,100,Dartmouth Big Green,,,,,
baseball,337,Davidson Wildcats,,,,,
baseball,338,Dayton Flyers,,,,,
baseball,342,DePaul Blue Demons,,,,,
baseball,1286,DePauw Tigers,,,,,
baseball,340,Delaware State Hornets,,,,,
baseball,341,Denver Pioneers,,,,,
baseball,343,Detroit Mercy Titans,,,,,
baseball,344,Drake Bulldogs,,,,,
baseball,345,Drexel Dragons,,,,,
baseball,93,Duke Blue Devils,,,,,
baseball,346,Duquesne Dukes,,,,,
baseball,304,East Tennessee State Buccaneers,,,,,
baseball,347,Eastern Illinois Panthers,,,,,
baseball,349,Eastern Michigan Eagles,,,,,
baseball,350,Eastern Washington Eagles,,,,,
baseball,830,Emporia State Hornets,,,,,
baseball,149,Evansville Purple Aces,,,,,
baseball,351,Fairfield Stags,,,,,
baseball,352,Fairleigh Dickinson Knights,,,,,
baseball,1282,Florence Darlington Tech FDTC,,,,,
baseball,353,Florida A&M Rattlers,,,,,
baseball,75,Florida Gators,,,,,
baseball,1274,Florida Southern Moccasins,,,,,
baseball,72,Florida State Seminoles,,,,,
baseball,354,Fordham Rams,,,,,
baseball,831,Francis Marion Patriots,,,,,
baseball,137,Fresno State Bulldogs,,,,,
baseball,355,Furman Paladins,,,,,
baseball,356,Gardner-Webb Runnin' Bulldogs,,,,,
baseball,166,George Mason Patriots,,,,,
baseball,71,George Washington Revolutionaries,,,,,
baseball,78,Georgia Bulldogs,,,,,
baseball,77,Georgia Tech Yellow Jackets,,,,,
baseball,359,Grambling Tigers,,,,,
baseball,360,Grand Canyon Lopes,,,,,
baseball,1190,Grand View Vikings,,,,,
baseball,361,Green Bay Phoenix,,,,,
baseball,362,Hampton Pirates,,,,,
baseball,70,Hartford Hawks,,,,,
baseball,363,Harvard Crimson,,,,,
baseball,847,Hawaiʻi Hilo Vulcans,,,,,
baseball,832,Hawaiʻi Pacific Sea Warriors,,,,,
baseball,364,High Point Panthers,,,,,
baseball,367,Houston Christian Huskies,,,,,
baseball,124,Houston Cougars,,,,,
baseball,368,Howard Bison,,,,,
baseball,375,IU Indianapolis Jaguars,,,,,
baseball,370,Idaho State Bengals,,,,,
baseball,369,Idaho Vandals,,,,,
baseball,153,Illinois Fighting Illini,,,,,
baseball,288,Illinois State Redbirds,,,,,
baseball,371,Incarnate Word Cardinals,,,,,
baseball,294,Indiana Hoosiers,,,,,
baseball,308,Indiana State Sycamores,,,,,
baseball,372,Iona Gaels,,,,,
baseball,167,Iowa Hawkeyes,,,,,
baseball,373,Iowa State Cyclones,,,,,
baseball,285,Jackson State Tigers,,,,,
baseball,1276,John A. Logan JALC,,,,,
baseball,451,Kansas City Roos,,,,,
baseball,168,Kansas Jayhawks,,,,,
baseball,264,Kansas State Wildcats,,,,,
baseball,169,Kent State Golden Flashes,,,,,
baseball,82,Kentucky Wildcats,,,,,
baseball,85,LSU Tigers,,,,,
baseball,376,La Salle Explorers,,,,,
baseball,145,Lafayette Leopards,,,,,
baseball,171,Le Moyne Dolphins,,,,,
baseball,377,Lehigh Mountain Hawks,,,,,
baseball,833,Lenoir Rhyne Bears,,,,,
baseball,834,Lincoln Lions,,,,,
baseball,926,Lindenwood Lions,,,,,
baseball,1247,Linfield Wildcats,,,,,
baseball,380,Longwood Lancers,,,,,
baseball,1189,Loras Duhawks,,,,,
baseball,835,Louisiana Christian Wildcats,,,,,
baseball,83,Louisville Cardinals,,,,,
baseball,381,Loyola Chicago Ramblers,,,,,
baseball,382,Loyola Maryland Greyhounds,,,,,
baseball,836,Lubbock Christian Chaparrals,,,,,
baseball,823,MUSKOGEE Bacone,,,,,
baseball,259,Maine Black Bears,,,,,
baseball,265,Manhattan Jaspers,,,,,
baseball,175,Marist Red Foxes,,,,,
baseball,383,Marquette Golden Eagles,,,,,
baseball,385,Maryland Eastern Shore Hawks,,,,,
baseball,87,Maryland Terrapins,,,,,
baseball,386,Massachusetts Minutemen,,,,,
baseball,387,McNeese Cowboys,,,,,
baseball,295,Mercer Bears,,,,,
baseball,129698,Mercyhurst Lakers,,,,,
baseball,1148,Merrimack Warriors,,,,,
baseball,107,Miami (OH) RedHawks,,,,,
baseball,176,Miami Hurricanes,,,,,
baseball,88,Michigan State Spartans,,,,,
baseball,89,Michigan Wolverines,,,,,
baseball,837,Mid America Christian Evangels,,,,,
baseball,90,Minnesota Golden Gophers,,,,,
baseball,150,Mississippi State Bulldogs,,,,,
baseball,388,Mississippi Valley State Delta Devils,,,,,
baseball,91,Missouri Tigers,,,,,
baseball,389,Montana Grizzlies,,,,,
baseball,390,Montana State Bobcats,,,,,
baseball,391,Morehead State Eagles,,,,,
baseball,392,Morgan State Bears,,,,,
baseball,393,Mount St. Mary's Mountaineers,,,,,
baseball,394,Murray State Racers,,,,,
baseball,95,NC State Wolfpack,,,,,
baseball,395,NJIT Highlanders,,,,,
baseball,838,NY Institute of Technology Yellow Jackets,,,,,
baseball,179,Navy Midshipmen,,,,,
baseball,99,Nebraska Cornhuskers,,,,,
baseball,849,Nebraska Kearney Lopers,,,,,
baseball,183,Nevada Wolf Pack,,,,,
baseball,397,New Hampshire Wildcats,,,,,
baseball,129706,New Haven Chargers,,,,,
baseball,104,New Mexico Lobos,,,,,
baseball,184,New Orleans Privateers,,,,,
baseball,398,Niagara Purple Eagles,,,,,
baseball,399,Nicholls Colonels,,,,,
baseball,400,Norfolk State Spartans,,,,,
baseball,1103,North Alabama Lions,,,,,
baseball,402,North Carolina Central Eagles,,,,,
baseball,96,North Carolina Tar Heels,,,,,
baseball,403,North Dakota Fighting Hawks,,,,,
baseball,310,North Dakota State Bison,,,,,
baseball,839,North Georgia Saints,,,,,
baseball,404,North Texas Mean Green,,,,,
baseball,406,Northern Arizona Lumberjacks,,,,,
baseball,407,Northern Colorado Bears,,,,,
baseball,409,Northern Iowa Panthers,,,,,
baseball,410,Northern Kentucky Norse,,,,,
baseball,1277,Northwest Mississippi CC NMCC,,,,,
baseball,840,Northwestern (IA) NORTHWESTERN COLLEGE (IA),,,,,
baseball,186,Northwestern State Demons,,,,,
baseball,411,Northwestern Wildcats,,,,,
baseball,81,Notre Dame Fighting Irish,,,,,
baseball,935,Nova Southeastern Sharks,,,,,
baseball,129772,Oakland City Mighty Oaks,,,,,
baseball,412,Oakland Golden Grizzlies,,,,,
baseball,109,Ohio Bobcats,,,,,
baseball,108,Ohio State Buckeyes,,,,,
baseball,112,Oklahoma Sooners,,,,,
baseball,110,Oklahoma State Cowboys,,,,,
baseball,92,Ole Miss Rebels,,,,,
baseball,396,Omaha Mavericks,,,,,
baseball,111,Oral Roberts Golden Eagles,,,,,
baseball,273,Oregon Ducks,,,,,
baseball,129700,Pacific Lutheran Lutes,,,,,
baseball,1279,Pearl River PEARL,,,,,
baseball,414,Penn State Nittany Lions,,,,,
baseball,415,Pennsylvania Quakers,,,,,
baseball,115,Pittsburgh Panthers,,,,,
baseball,417,Portland State Vikings,,,,,
baseball,188,Prairie View A&M Panthers,,,,,
baseball,418,Presbyterian Blue Hose,,,,,
baseball,101,Princeton Tigers,,,,,
baseball,419,Providence Friars,,,,,
baseball,189,Purdue Boilermakers,,,,,
baseball,374,Purdue Fort Wayne Mastodons,,,,,
baseball,1238,Queens University Royals,,,,,
baseball,420,Quinnipiac Bobcats,,,,,
baseball,421,Radford Highlanders,,,,,
baseball,422,Rhode Island Rams,,,,,
baseball,130,Richmond Spiders,,,,,
baseball,424,Robert Morris Colonials,,,,,
baseball,1191,Roosevelt Lakers,,,,,
baseball,102,Rutgers Scarlet Knights,,,,,
baseball,309,SE Louisiana Lions,,,,,
baseball,429,SIU Edwardsville Cougars,,,,,
baseball,433,SMU Mustangs,,,,,
baseball,314,Sacramento State Hornets,,,,,
baseball,266,Sacred Heart Pioneers,,,,,
baseball,436,Saint Francis Red Flash,,,,,
baseball,425,Saint Joseph's Hawks,,,,,
baseball,300,Saint Louis Billikens,,,,,
baseball,844,Saint Martin's Saints,,,,,
baseball,437,Saint Peter's Peacocks,,,,,
baseball,841,Salisbury Sea Gulls,,,,,
baseball,274,Samford Bulldogs,,,,,
baseball,62,San Diego State Aztecs,,,,,
baseball,1275,San Jacinto SANJACJC,,,,,
baseball,63,San José State Spartans,,,,,
baseball,286,Savannah State Tigers,,,,,
baseball,311,Siena Saints,,,,,
baseball,193,South Carolina Gamecocks,,,,,
baseball,430,South Carolina State Bulldogs,,,,,
baseball,431,South Dakota Coyotes,,,,,
baseball,191,Southeast Missouri State Redhawks,,,,,
baseball,1197,Southeastern Fires,,,,,
baseball,432,Southern Illinois Salukis,,,,,
baseball,1246,Southern Indiana Screaming Eagles,,,,,
baseball,194,Southern Jaguars,,,,,
baseball,1281,Southern Nevada Coyotes,,,,,
baseball,434,Southern Utah Thunderbirds,,,,,
baseball,129762,Southwest Mustangs,,,,,
baseball,842,Southwestern Oklahoma State Bulldogs,,,,,
baseball,105,St. Bonaventure Bonnies,,,,,
baseball,435,St. Francis (BKN) Terriers,,,,,
baseball,843,St. Gregory Cavaliers,,,,,
baseball,1287,St. Olaf Oles,,,,,
baseball,929,St. Thomas (FL) Bobcats,,,,,
baseball,850,St. Thomas-Minnesota Tommies,,,,,
baseball,64,Stanford Cardinal,,,,,
baseball,1278,State College of Florida SCOF,,,,,
baseball,438,Stephen F. Austin Lumberjacks,,,,,
baseball,1245,Stonehill Skyhawks,,,,,
baseball,439,Syracuse Orange,,,,,
baseball,1153,TBD,,,,,
baseball,1154,TBD,,,,,
baseball,198,TCU Horned Frogs,,,,,
baseball,845,Tabor TABOR,,,,,
baseball,1273,Tampa Spartans,,,,,
baseball,1145,Tarleton State Texans,,,,,
baseball,114,Temple Owls,,,,,
baseball,440,Tennessee State Tigers,,,,,
baseball,441,Tennessee Tech Golden Eagles,,,,,
baseball,199,Tennessee Volunteers,,,,,
baseball,123,Texas A&M Aggies,,,,,
baseball,443,Texas A&M-Corpus Christi Islanders,,,,,
baseball,126,Texas Longhorns,,,,,
baseball,846,Texas Lutheran Bulldogs,,,,,
baseball,200,Texas Southern Tigers,,,,,
baseball,201,Texas Tech Red Raiders,,,,,
baseball,444,Texas-Pan American Broncs,,,,,
baseball,445,Toledo Rockets,,,,,
baseball,924,Truman State Bulldogs,,,,,
baseball,446,Tulsa Golden Hurricane,,,,,
baseball,154,UAlbany Great Danes,,,,,
baseball,1147,UC San Diego Tritons,,,,,
baseball,160,UCF Knights,,,,,
baseball,66,UCLA Bruins,,,,,
baseball,450,UMBC Retrievers,,,,,
baseball,449,UMass Lowell River Hawks,,,,,
baseball,452,UNC Asheville Bulldogs,,,,,
baseball,181,UNC Greensboro Spartans,,,,,
baseball,182,UNLV Rebels,,,,,
baseball,68,USC Trojans,,,,,
baseball,125,UT Arlington Mavericks,,,,,
baseball,442,UT Martin Skyhawks,,,,,
baseball,932,UT Rio Grande Valley Vaqueros,,,,,
baseball,456,UTEP Miners,,,,,
baseball,1239,Upper Iowa Peacocks,,,,,
baseball,454,Utah State Aggies,,,,,
baseball,1146,Utah Tech Trailblazers,,,,,
baseball,128,Utah Utes,,,,,
baseball,455,Utah Valley Wolverines,,,,,
baseball,459,VMI Keydets,,,,,
baseball,851,Valdosta State Blazers,,,,,
baseball,302,Valparaiso Beacons,,,,,
baseball,120,Vanderbilt Commodores,,,,,
baseball,457,Vermont Catamounts,,,,,
baseball,131,Virginia Cavaliers,,,,,
baseball,132,Virginia Tech Hokies,,,,,
baseball,460,Wagner Seahawks,,,,,
baseball,97,Wake Forest Demon Deacons,,,,,
baseball,129756,Wartburg Knights,,,,,
baseball,129773,Washburn Ichabods,,,,,
baseball,133,Washington Huskies,,,,,
baseball,852,Wayne State (NE) Wildcats,,,,,
baseball,461,Weber State Wildcats,,,,,
baseball,136,West Virginia Mountaineers,,,,,
baseball,205,Western Carolina Catamounts,,,,,
baseball,462,Western Illinois Leathernecks,,,,,
baseball,463,Western Michigan Broncos,,,,,
baseball,853,William Woods WILLIAM WOODS,,,,,
baseball,207,Winthrop Eagles,,,,,
baseball,464,Wisconsin Badgers,,,,,
baseball,129763,Wisconsin Platteville Pioneers,,,,,
baseball,208,Wofford Terriers,,,,,
baseball,270,Wright State Raiders,,,,,
baseball,465,Wyoming Cowboys,,,,,
baseball,209,Youngstown State Penguins,,,,,
